net,rep,rhat_sigma,rmse_log,rmse_level,VaR_0_1,VaR_1_0,VaR_5_0,VaR_10_0
2,1,2.7489095,0.6770525,0.0002030191,0.021220159151193633,0.050397877984084884,0.11273209549071618,0.13925729442970822
