net,rep,rhat_sigma,rmse_log,rmse_level,VaR_0_1,VaR_1_0,VaR_5_0,VaR_10_0
2,2,2.5606747,0.6788295,0.00019749238,0.022546419098143235,0.04774535809018567,0.10610079575596817,0.13925729442970822
