config,netid,rmse,m0,VaR_1_0,VaR_10_0,VaR_0_1,VaR_5_0
4,4,0.011113909,20.0,0.030013642564802184,0.09140518417462483,0.009549795361527967,0.06002728512960437
