config,netid,rmse,m0,VaR_1_0,VaR_10_0,VaR_0_1,VaR_5_0
9,1,0.011336051,60.0,0.0068212824010914054,0.03137789904502047,0.002728512960436562,0.020463847203274217
