config,netid,rmse,m0,VaR_1_0,VaR_10_0,VaR_0_1,VaR_5_0
22,2,0.011060798,120.0,0.020463847203274217,0.06412005457025921,0.0068212824010914054,0.03956343792633015
