config,netid,rmse,m0,VaR_1_0,VaR_10_0,VaR_0_1,VaR_5_0
33,1,0.011345935,180.0,0.005457025920873124,0.03137789904502047,0.002728512960436562,0.01637107776261937
