config,netid,rmse,m0,VaR_1_0,VaR_10_0,VaR_0_1,VaR_5_0
23,3,0.011183774,120.0,0.02455661664392906,0.07503410641200546,0.005457025920873124,0.045020463847203276
