config,netid,rmse,m0,VaR_1_0,VaR_10_0,VaR_0_1,VaR_5_0
35,3,0.011183785,180.0,0.021828103683492497,0.07366984993178717,0.0068212824010914054,0.045020463847203276
