config,netid,rmse,m0,VaR_1_0,VaR_10_0,VaR_0_1,VaR_5_0
32,4,0.0111161005,160.0,0.0286493860845839,0.09140518417462483,0.008185538881309686,0.0572987721691678
