config,netid,rmse,m0,VaR_1_0,VaR_10_0,VaR_0_1,VaR_5_0
3,3,0.011147544,20.0,0.0286493860845839,0.08458390177353342,0.009549795361527967,0.05320600272851296
