config,netid,rmse,m0,VaR_1_0,VaR_10_0,VaR_0_1,VaR_5_0
21,1,0.011311352,120.0,0.005457025920873124,0.03274215552523874,0.002728512960436562,0.019099590723055934
