config,netid,rmse,m0,VaR_1_0,VaR_10_0,VaR_0_1,VaR_5_0
10,2,0.011123136,60.0,0.021828103683492497,0.06548431105047749,0.0068212824010914054,0.04229195088676671
