config,netid,rmse,m0,VaR_1_0,VaR_10_0,VaR_0_1,VaR_5_0
1,1,0.011363695,20.0,0.0068212824010914054,0.034106412005457026,0.002728512960436562,0.021828103683492497
