config,netid,rmse,m0,VaR_1_0,VaR_10_0,VaR_0_1,VaR_5_0
14,2,0.011061863,80.0,0.023192360163710776,0.06821282401091405,0.0068212824010914054,0.040927694406548434
