config,netid,rmse,m0,VaR_1_0,VaR_10_0,VaR_0_1,VaR_5_0
6,2,0.011049908,40.0,0.02455661664392906,0.06821282401091405,0.0068212824010914054,0.04638472032742155
