config,netid,rmse,m0,VaR_1_0,VaR_10_0,VaR_0_1,VaR_5_0
8,4,0.011114351,40.0,0.030013642564802184,0.0927694406548431,0.008185538881309686,0.0572987721691678
