config,netid,rmse,m0,VaR_1_0,VaR_10_0,VaR_0_1,VaR_5_0
26,2,0.011063281,140.0,0.019099590723055934,0.06412005457025921,0.0068212824010914054,0.036834924965893585
