config,netid,rmse,m0,VaR_1_0,VaR_10_0,VaR_0_1,VaR_5_0
27,3,0.011162748,140.0,0.021828103683492497,0.07639836289222374,0.0068212824010914054,0.04365620736698499
