config,netid,rmse,m0,VaR_1_0,VaR_10_0,VaR_0_1,VaR_5_0
19,3,0.011122971,100.0,0.023192360163710776,0.07639836289222374,0.0068212824010914054,0.04911323328785812
