config,netid,rmse,m0,VaR_1_0,VaR_10_0,VaR_0_1,VaR_5_0
12,4,0.0111168735,60.0,0.0286493860845839,0.09140518417462483,0.009549795361527967,0.058663028649386086
