config,netid,rmse,m0,VaR_1_0,VaR_10_0,VaR_0_1,VaR_5_0
16,4,0.011111956,80.0,0.030013642564802184,0.09004092769440655,0.008185538881309686,0.0572987721691678
