config,netid,rmse,m0,VaR_1_0,VaR_10_0,VaR_0_1,VaR_5_0
28,4,0.0111148795,140.0,0.030013642564802184,0.09140518417462483,0.008185538881309686,0.06002728512960437
