netid,rmse,m0,VaR_1_0,VaR_10_0,VaR_0_1,VaR_5_0
4,0.011115335,180.0,0.030013642564802184,0.0927694406548431,0.008185538881309686,0.058663028649386086
