config,netid,rmse,m0,VaR_1_0,VaR_10_0,VaR_0_1,VaR_5_0
13,1,0.011162843,80.0,0.005457025920873124,0.034106412005457026,0.002728512960436562,0.021828103683492497
