config,netid,rmse,m0,VaR_1_0,VaR_10_0,VaR_0_1,VaR_5_0
30,2,0.011043895,160.0,0.017735334242837655,0.06275579809004093,0.0068212824010914054,0.036834924965893585
