config,netid,rmse,m0,VaR_1_0,VaR_10_0,VaR_0_1,VaR_5_0
7,3,0.0111476835,40.0,0.027285129604365622,0.08594815825375171,0.009549795361527967,0.05320600272851296
