netid,rmse,m0,VaR_1_0,VaR_10_0,VaR_0_1,VaR_5_0
3,0.011170786,200.0,0.023192360163710776,0.07776261937244201,0.005457025920873124,0.04638472032742155
