config,netid,rmse,m0,VaR_1_0,VaR_10_0,VaR_0_1,VaR_5_0
11,3,0.011139962,60.0,0.02455661664392906,0.07639836289222374,0.005457025920873124,0.04638472032742155
