config,netid,rmse,m0,VaR_1_0,VaR_10_0,VaR_0_1,VaR_5_0
2,2,0.011136361,20.0,0.030013642564802184,0.0927694406548431,0.015006821282401092,0.058663028649386086
