config,netid,rmse,m0,VaR_1_0,VaR_10_0,VaR_0_1,VaR_5_0
5,1,0.011300968,40.0,0.0068212824010914054,0.03274215552523874,0.002728512960436562,0.020463847203274217
