config,netid,rmse,m0,VaR_1_0,VaR_10_0,VaR_0_1,VaR_5_0
31,3,0.011155336,160.0,0.023192360163710776,0.07639836289222374,0.005457025920873124,0.04365620736698499
