config,netid,rmse,m0,VaR_1_0,VaR_10_0,VaR_0_1,VaR_5_0
18,2,0.011068563,100.0,0.021828103683492497,0.06684856753069578,0.0068212824010914054,0.040927694406548434
