config,netid,rmse,m0,VaR_1_0,VaR_10_0,VaR_0_1,VaR_5_0
30,2,0.010986255,160.0,0.02592087312414734,0.07503410641200546,0.01637107776261937,0.05184174624829468
