config,netid,rmse,m0,VaR_1_0,VaR_10_0,VaR_0_1,VaR_5_0
9,1,0.0113793025,60.0,0.0572987721691678,0.1364256480218281,0.03137789904502047,0.09822646657571624
