config,netid,rmse,m0,VaR_1_0,VaR_10_0,VaR_0_1,VaR_5_0
1,1,0.011239362,20.0,0.15688949522510232,0.26193724420190995,0.11596180081855388,0.2100954979536153
