config,netid,rmse,m0,VaR_1_0,VaR_10_0,VaR_0_1,VaR_5_0
21,1,0.011430065,120.0,0.034106412005457026,0.09549795361527967,0.019099590723055934,0.06684856753069578
