config,netid,rmse,m0,VaR_1_0,VaR_10_0,VaR_0_1,VaR_5_0
25,1,0.011252116,140.0,0.036834924965893585,0.08458390177353342,0.017735334242837655,0.06002728512960437
