config,netid,rmse,m0,VaR_1_0,VaR_10_0,VaR_0_1,VaR_5_0
31,3,0.011854614,160.0,0.034106412005457026,0.08731241473396999,0.023192360163710776,0.06002728512960437
