config,netid,rmse,m0,VaR_1_0,VaR_10_0,VaR_0_1,VaR_5_0
13,1,0.011281947,80.0,0.04638472032742155,0.11732605729877217,0.027285129604365622,0.07639836289222374
