config,netid,rmse,m0,VaR_1_0,VaR_10_0,VaR_0_1,VaR_5_0
6,2,0.01098886,40.0,0.06412005457025921,0.15279672578444747,0.04365620736698499,0.11050477489768076
