config,netid,rmse,m0,VaR_1_0,VaR_10_0,VaR_0_1,VaR_5_0
17,1,0.011437764,100.0,0.04365620736698499,0.10641200545702592,0.021828103683492497,0.07366984993178717
