config,netid,rmse,m0,VaR_1_0,VaR_10_0,VaR_0_1,VaR_5_0
18,2,0.010969318,100.0,0.034106412005457026,0.0941336971350614,0.023192360163710776,0.06821282401091405
