config,netid,rmse,m0,VaR_1_0,VaR_10_0,VaR_0_1,VaR_5_0
10,2,0.010986707,60.0,0.04638472032742155,0.12278308321964529,0.02592087312414734,0.08185538881309687
