config,netid,rmse,m0,VaR_1_0,VaR_10_0,VaR_0_1,VaR_5_0
3,3,0.012078519,20.0,0.165075034106412,0.27694406548431105,0.12551159618008187,0.23192360163710776
