config,netid,rmse,m0,VaR_1_0,VaR_10_0,VaR_0_1,VaR_5_0
14,2,0.011112293,80.0,0.040927694406548434,0.10641200545702592,0.02455661664392906,0.07094133697135062
