config,netid,rmse,m0,VaR_1_0,VaR_10_0,VaR_0_1,VaR_5_0
39,3,0.01194068,200.0,0.02592087312414734,0.08594815825375171,0.020463847203274217,0.058663028649386086
