config,netid,rmse,m0,VaR_1_0,VaR_10_0,VaR_0_1,VaR_5_0
2,2,0.011181529,20.0,0.16234652114597545,0.2755798090040928,0.11323328785811733,0.22373806275579808
