config,netid,rmse,m0,VaR_1_0,VaR_10_0,VaR_0_1,VaR_5_0
37,1,0.011225483,200.0,0.034106412005457026,0.08049113233287858,0.01637107776261937,0.05184174624829468
