config,netid,rmse,m0,VaR_1_0,VaR_10_0,VaR_0_1,VaR_5_0
5,1,0.011363187,40.0,0.07776261937244201,0.1664392905866303,0.04638472032742155,0.12414733969986358
