config,netid,rmse,m0,VaR_1_0,VaR_10_0,VaR_0_1,VaR_5_0
22,2,0.011052841,120.0,0.030013642564802184,0.08594815825375171,0.017735334242837655,0.058663028649386086
