config,netid,rmse,m0,VaR_1_0,VaR_10_0,VaR_0_1,VaR_5_0
15,3,0.012023945,80.0,0.047748976807639835,0.13096862210095497,0.0286493860845839,0.08594815825375171
