config,netid,rmse,m0,VaR_1_0,VaR_10_0,VaR_0_1,VaR_5_0
24,4,0.011081271,120.0,0.030013642564802184,0.08321964529331514,0.017735334242837655,0.05593451568894952
