config,netid,rmse,m0,VaR_1_0,VaR_10_0,VaR_0_1,VaR_5_0
20,4,0.010962611,100.0,0.030013642564802184,0.08731241473396999,0.019099590723055934,0.058663028649386086
