config,netid,rmse,m0,VaR_1_0,VaR_10_0,VaR_0_1,VaR_5_0
4,4,0.011256044,20.0,0.16098226466575716,0.25102319236016374,0.10914051841746249,0.2155525238744884
