config,netid,rmse,m0,VaR_1_0,VaR_10_0,VaR_0_1,VaR_5_0
16,4,0.011067273,80.0,0.03547066848567531,0.09822646657571624,0.023192360163710776,0.06412005457025921
