config,netid,rmse,m0,VaR_1_0,VaR_10_0,VaR_0_1,VaR_5_0
36,4,0.011115407,180.0,0.02592087312414734,0.07776261937244201,0.01227830832196453,0.0504774897680764
