config,netid,rmse,m0,VaR_1_0,VaR_10_0,VaR_0_1,VaR_5_0
40,4,0.011043453,200.0,0.02455661664392906,0.07503410641200546,0.013642564802182811,0.05184174624829468
