config,netid,rmse,m0,VaR_1_0,VaR_10_0,VaR_0_1,VaR_5_0
11,3,0.011644447,60.0,0.04365620736698499,0.1364256480218281,0.02592087312414734,0.08731241473396999
