config,netid,rmse,m0,VaR_1_0,VaR_10_0,VaR_0_1,VaR_5_0
35,3,0.011878596,180.0,0.03547066848567531,0.0941336971350614,0.020463847203274217,0.061391541609822645
