config,netid,rmse,m0,VaR_1_0,VaR_10_0,VaR_0_1,VaR_5_0
28,4,0.011110578,140.0,0.030013642564802184,0.08321964529331514,0.017735334242837655,0.05320600272851296
