config,netid,rmse,m0,VaR_1_0,VaR_10_0,VaR_0_1,VaR_5_0
23,3,0.012126799,120.0,0.03819918144611187,0.1009549795361528,0.021828103683492497,0.07094133697135062
