config,netid,rmse,m0,VaR_1_0,VaR_10_0,VaR_0_1,VaR_5_0
38,2,0.011007025,200.0,0.02455661664392906,0.06957708049113233,0.013642564802182811,0.04911323328785812
