config,netid,rmse,m0,VaR_1_0,VaR_10_0,VaR_0_1,VaR_5_0
7,3,0.012185758,40.0,0.0791268758526603,0.16371077762619374,0.04911323328785812,0.12278308321964529
