config,netid,rmse,m0,VaR_1_0,VaR_10_0,VaR_0_1,VaR_5_0
19,3,0.011801775,100.0,0.04229195088676671,0.10914051841746249,0.023192360163710776,0.07503410641200546
