config,netid,rmse,m0,VaR_1_0,VaR_10_0,VaR_0_1,VaR_5_0
29,1,0.011383835,160.0,0.03274215552523874,0.08731241473396999,0.019099590723055934,0.0572987721691678
