config,netid,rmse,m0,VaR_1_0,VaR_10_0,VaR_0_1,VaR_5_0
34,2,0.011014395,180.0,0.02455661664392906,0.07503410641200546,0.015006821282401092,0.05184174624829468
