config,netid,rmse,m0,VaR_1_0,VaR_10_0,VaR_0_1,VaR_5_0
8,4,0.011058665,40.0,0.061391541609822645,0.14188267394270124,0.036834924965893585,0.10641200545702592
