config,netid,rmse,m0,VaR_1_0,VaR_10_0,VaR_0_1,VaR_5_0
12,4,0.011297992,60.0,0.04365620736698499,0.1077762619372442,0.02455661664392906,0.07503410641200546
