config,netid,rmse,m0,VaR_1_0,VaR_10_0,VaR_0_1,VaR_5_0
32,4,0.011074225,160.0,0.0286493860845839,0.07776261937244201,0.01637107776261937,0.04911323328785812
