config,netid,rmse,m0,VaR_1_0,VaR_10_0,VaR_0_1,VaR_5_0
27,3,0.012188515,140.0,0.040927694406548434,0.0941336971350614,0.023192360163710776,0.06684856753069578
