rmse,VaR_1_0,VaR_10_0,VaR_0_1,VaR_5_0
0.014217732,0.031420765027322405,0.10109289617486339,0.012295081967213115,0.06420765027322405
