rmse,VaR_1_0,VaR_10_0,VaR_0_1,VaR_5_0
0.01112866,0.03278688524590164,0.10109289617486339,0.012295081967213115,0.07103825136612021
