net,rep,rmse_log,rmse_level,VaR_0_1,VaR_1_0,VaR_5_0,VaR_10_0
4,10,0.70740324,0.00018702535,0.0,0.0,0.001326259946949602,0.002652519893899204
