net,rep,rmse_log,rmse_level,VaR_0_1,VaR_1_0,VaR_5_0,VaR_10_0
4,5,0.6843995,0.0002044962,0.0,0.0,0.002652519893899204,0.002652519893899204
