net,rep,rmse_log,rmse_level,VaR_0_1,VaR_1_0,VaR_5_0,VaR_10_0
4,6,0.7480304,0.00022666068,0.0,0.0,0.002652519893899204,0.003978779840848806
