net,rep,rmse_log,rmse_level,VaR_0_1,VaR_1_0,VaR_5_0,VaR_10_0
2,3,0.72826177,0.00018300266,0.005305039787798408,0.013262599469496022,0.03978779840848806,0.08222811671087533
