net,rep,rmse_log,rmse_level,VaR_0_1,VaR_1_0,VaR_5_0,VaR_10_0
1,10,0.67515266,0.00020405413,0.025198938992042442,0.05172413793103448,0.11140583554376658,0.14456233421750664
