net,rep,rmse_log,rmse_level,VaR_0_1,VaR_1_0,VaR_5_0,VaR_10_0
1,4,0.7423883,0.00020542166,0.01989389920424403,0.04111405835543767,0.08355437665782493,0.13262599469496023
