net,rep,rmse_log,rmse_level,VaR_0_1,VaR_1_0,VaR_5_0,VaR_10_0
1,2,0.69950134,0.00020613657,0.029177718832891247,0.04907161803713528,0.10610079575596817,0.14323607427055704
