net,rep,rmse_log,rmse_level,VaR_0_1,VaR_1_0,VaR_5_0,VaR_10_0
4,2,0.6828998,0.00019976104,0.0,0.002652519893899204,0.002652519893899204,0.006631299734748011
