net,rep,rhat_sigma,rmse_log,rmse_level,VaR_0_1,VaR_1_0,VaR_5_0,VaR_10_0
2,3,1.8278332,0.67230314,0.00020068114,0.021220159151193633,0.05172413793103448,0.10742705570291777,0.1419098143236074
