net,rep,rhat_sigma,rmse_log,rmse_level,VaR_0_1,VaR_1_0,VaR_5_0,VaR_10_0
2,1,1.4284794,0.67436945,0.00020846867,0.022546419098143235,0.05305039787798409,0.11007957559681697,0.1419098143236074
