net,rep,rhat_sigma,rmse_log,rmse_level,VaR_0_1,VaR_1_0,VaR_5_0,VaR_10_0
1,8,1.0021539,0.6723864,0.00019616103,0.023872679045092837,0.050397877984084884,0.11273209549071618,0.1419098143236074
