net,rep,rhat_sigma,rmse_log,rmse_level,VaR_0_1,VaR_1_0,VaR_5_0,VaR_10_0
3,3,1.3761742,0.6670138,0.00019351637,0.025198938992042442,0.054376657824933686,0.11007957559681697,0.14854111405835543
